{
  "unevaluatedProperties" : false,
  "properties" : {
    "FarmsList" : {
      "title" : "FarmsList",
      "description" : "List of farm details",
      "lightning:type" : "lightning__recordInfoType",
      "lightning:sObjectInfo" : {
        "apiName" : "Farm__c"
      },
      "lightning:isPII" : false,
      "copilotAction:isDisplayable" : true,
      "copilotAction:isUsedByPlanner" : true,
      "copilotAction:useHydratedPrompt" : false
    }
  },
  "lightning:type" : "lightning__objectType"
}