{
  "unevaluatedProperties" : false,
  "properties" : {
    "CropType" : {
      "title" : "CropType",
      "description" : "Text",
      "lightning:type" : "lightning__textType",
      "lightning:isPII" : false,
      "copilotAction:isUserInput" : true
    },
    "FarmName" : {
      "title" : "FarmName",
      "description" : "Name",
      "lightning:type" : "lightning__textType",
      "lightning:isPII" : false,
      "copilotAction:isUserInput" : true
    },
    "FarmSizeAcres" : {
      "title" : "FarmSizeAcres",
      "description" : "Number",
      "lightning:type" : "lightning__numberType",
      "lightning:isPII" : false,
      "copilotAction:isUserInput" : true
    },
    "Location" : {
      "title" : "Location",
      "description" : "Text",
      "lightning:type" : "lightning__textType",
      "lightning:isPII" : false,
      "copilotAction:isUserInput" : true
    },
    "PhoneNumber" : {
      "title" : "PhoneNumber",
      "description" : "Phone Number",
      "lightning:type" : "lightning__textType",
      "lightning:isPII" : false,
      "copilotAction:isUserInput" : true
    }
  },
  "lightning:type" : "lightning__objectType"
}