<?xml version="1.0" encoding="UTF-8"?>
<Flow xmlns="http://soap.sforce.com/2006/04/metadata">
    <apiVersion>63.0</apiVersion>
    <areMetricsLoggedToDataCloud>false</areMetricsLoggedToDataCloud>
    <environments>Default</environments>
    <formulas>
        <name>JobAppName</name>
        <dataType>String</dataType>
        <expression>{!JobListingDetails.Name}&amp;&apos;_&apos;&amp;{!Fetch_Labor_Details.Name}</expression>
    </formulas>
    <interviewLabel>FARM AI - {!$Flow.CurrentDateTime}</interviewLabel>
    <label>FARM AI - Create Job Application</label>
    <processMetadataValues>
        <name>BuilderType</name>
        <value>
            <stringValue>LightningFlowBuilder</stringValue>
        </value>
    </processMetadataValues>
    <processMetadataValues>
        <name>CanvasMode</name>
        <value>
            <stringValue>AUTO_LAYOUT_CANVAS</stringValue>
        </value>
    </processMetadataValues>
    <processMetadataValues>
        <name>OriginBuilderType</name>
        <value>
            <stringValue>LightningFlowBuilder</stringValue>
        </value>
    </processMetadataValues>
    <processType>AutoLaunchedFlow</processType>
    <recordCreates>
        <name>Create_Job_Application</name>
        <label>Create Job Application</label>
        <locationX>176</locationX>
        <locationY>242</locationY>
        <inputAssignments>
            <field>Applied_Date__c</field>
            <value>
                <elementReference>$System.OriginDateTime</elementReference>
            </value>
        </inputAssignments>
        <inputAssignments>
            <field>Job_Listing__c</field>
            <value>
                <elementReference>JobListingID</elementReference>
            </value>
        </inputAssignments>
        <inputAssignments>
            <field>Labour__c</field>
            <value>
                <elementReference>Fetch_Labor_Details.Id</elementReference>
            </value>
        </inputAssignments>
        <inputAssignments>
            <field>Name</field>
            <value>
                <elementReference>JobAppName</elementReference>
            </value>
        </inputAssignments>
        <inputAssignments>
            <field>Status__c</field>
            <value>
                <stringValue>Applied</stringValue>
            </value>
        </inputAssignments>
        <object>Job_Application__c</object>
        <storeOutputAutomatically>true</storeOutputAutomatically>
    </recordCreates>
    <recordLookups>
        <name>Fetch_Labor_Details</name>
        <label>Fetch Labor Details</label>
        <locationX>176</locationX>
        <locationY>134</locationY>
        <assignNullValuesIfNoRecordsFound>false</assignNullValuesIfNoRecordsFound>
        <connector>
            <targetReference>Create_Job_Application</targetReference>
        </connector>
        <filterLogic>and</filterLogic>
        <filters>
            <field>Contact_Number__c</field>
            <operator>EqualTo</operator>
            <value>
                <elementReference>LaborPhnNo</elementReference>
            </value>
        </filters>
        <getFirstRecordOnly>true</getFirstRecordOnly>
        <object>Labour__c</object>
        <storeOutputAutomatically>true</storeOutputAutomatically>
    </recordLookups>
    <start>
        <locationX>50</locationX>
        <locationY>0</locationY>
        <connector>
            <targetReference>Fetch_Labor_Details</targetReference>
        </connector>
    </start>
    <status>Active</status>
    <variables>
        <name>JobListingDetails</name>
        <dataType>SObject</dataType>
        <isCollection>false</isCollection>
        <isInput>true</isInput>
        <isOutput>true</isOutput>
        <objectType>Job_Listing__c</objectType>
    </variables>
    <variables>
        <name>JobListingID</name>
        <dataType>String</dataType>
        <isCollection>false</isCollection>
        <isInput>true</isInput>
        <isOutput>true</isOutput>
    </variables>
    <variables>
        <name>LaborPhnNo</name>
        <dataType>String</dataType>
        <isCollection>false</isCollection>
        <isInput>true</isInput>
        <isOutput>false</isOutput>
    </variables>
</Flow>
