<?xml version="1.0" encoding="UTF-8"?>
<Flow xmlns="http://soap.sforce.com/2006/04/metadata">
    <apiVersion>63.0</apiVersion>
    <areMetricsLoggedToDataCloud>false</areMetricsLoggedToDataCloud>
    <environments>Default</environments>
    <interviewLabel>Farm AI - Fetch Job Listings {!$Flow.CurrentDateTime}</interviewLabel>
    <label>Farm AI - Fetch Job Listings</label>
    <processMetadataValues>
        <name>BuilderType</name>
        <value>
            <stringValue>LightningFlowBuilder</stringValue>
        </value>
    </processMetadataValues>
    <processMetadataValues>
        <name>CanvasMode</name>
        <value>
            <stringValue>AUTO_LAYOUT_CANVAS</stringValue>
        </value>
    </processMetadataValues>
    <processMetadataValues>
        <name>OriginBuilderType</name>
        <value>
            <stringValue>LightningFlowBuilder</stringValue>
        </value>
    </processMetadataValues>
    <processType>AutoLaunchedFlow</processType>
    <recordLookups>
        <name>Fetch_Job_Listings</name>
        <label>Fetch Job Listings</label>
        <locationX>176</locationX>
        <locationY>134</locationY>
        <assignNullValuesIfNoRecordsFound>false</assignNullValuesIfNoRecordsFound>
        <object>Job_Listing__c</object>
        <outputReference>JobListings</outputReference>
        <queriedFields>Farmer__c</queriedFields>
        <queriedFields>Farm_Name__c</queriedFields>
        <queriedFields>Farm__c</queriedFields>
        <queriedFields>Start_Date__c</queriedFields>
        <queriedFields>End_Date__c</queriedFields>
        <queriedFields>Skill__c</queriedFields>
        <queriedFields>Status__c</queriedFields>
        <queriedFields>Pay_Rate__c</queriedFields>
        <queriedFields>Farmer_Contact_Number__c</queriedFields>
        <queriedFields>Farmer_Name__c</queriedFields>
        <queriedFields>Name</queriedFields>
        <queriedFields>Location__c</queriedFields>
        <queriedFields>Number_of_workers_required__c</queriedFields>
    </recordLookups>
    <start>
        <locationX>50</locationX>
        <locationY>0</locationY>
        <connector>
            <targetReference>Fetch_Job_Listings</targetReference>
        </connector>
    </start>
    <status>Active</status>
    <variables>
        <name>Dummy</name>
        <dataType>String</dataType>
        <isCollection>false</isCollection>
        <isInput>true</isInput>
        <isOutput>false</isOutput>
    </variables>
    <variables>
        <name>JobListings</name>
        <dataType>SObject</dataType>
        <isCollection>true</isCollection>
        <isInput>false</isInput>
        <isOutput>true</isOutput>
        <objectType>Job_Listing__c</objectType>
    </variables>
</Flow>
