<?xml version="1.0" encoding="UTF-8"?>
<Flow xmlns="http://soap.sforce.com/2006/04/metadata">
    <apiVersion>63.0</apiVersion>
    <areMetricsLoggedToDataCloud>false</areMetricsLoggedToDataCloud>
    <environments>Default</environments>
    <interviewLabel>Farm AI - Create Farm {!$Flow.CurrentDateTime}</interviewLabel>
    <label>Farm AI - Create Farm</label>
    <processMetadataValues>
        <name>BuilderType</name>
        <value>
            <stringValue>LightningFlowBuilder</stringValue>
        </value>
    </processMetadataValues>
    <processMetadataValues>
        <name>CanvasMode</name>
        <value>
            <stringValue>AUTO_LAYOUT_CANVAS</stringValue>
        </value>
    </processMetadataValues>
    <processMetadataValues>
        <name>OriginBuilderType</name>
        <value>
            <stringValue>LightningFlowBuilder</stringValue>
        </value>
    </processMetadataValues>
    <processType>AutoLaunchedFlow</processType>
    <recordCreates>
        <name>create_Farm</name>
        <label>create Farm</label>
        <locationX>176</locationX>
        <locationY>242</locationY>
        <assignRecordIdToReference>FarmId</assignRecordIdToReference>
        <inputAssignments>
            <field>Crop_type__c</field>
            <value>
                <elementReference>CropType</elementReference>
            </value>
        </inputAssignments>
        <inputAssignments>
            <field>Farmer__c</field>
            <value>
                <elementReference>Get_Farmer_details.Id</elementReference>
            </value>
        </inputAssignments>
        <inputAssignments>
            <field>Location__c</field>
            <value>
                <elementReference>Location</elementReference>
            </value>
        </inputAssignments>
        <inputAssignments>
            <field>Name</field>
            <value>
                <elementReference>FarmName</elementReference>
            </value>
        </inputAssignments>
        <inputAssignments>
            <field>Size_acres__c</field>
            <value>
                <elementReference>FarmSizeAcres</elementReference>
            </value>
        </inputAssignments>
        <object>Farm__c</object>
    </recordCreates>
    <recordLookups>
        <name>Get_Farmer_details</name>
        <label>Get Farmer details</label>
        <locationX>176</locationX>
        <locationY>134</locationY>
        <assignNullValuesIfNoRecordsFound>false</assignNullValuesIfNoRecordsFound>
        <connector>
            <targetReference>create_Farm</targetReference>
        </connector>
        <filterLogic>and</filterLogic>
        <filters>
            <field>Contact_Number__c</field>
            <operator>EqualTo</operator>
            <value>
                <elementReference>PhoneNumber</elementReference>
            </value>
        </filters>
        <getFirstRecordOnly>true</getFirstRecordOnly>
        <object>Farmer__c</object>
        <storeOutputAutomatically>true</storeOutputAutomatically>
    </recordLookups>
    <start>
        <locationX>50</locationX>
        <locationY>0</locationY>
        <connector>
            <targetReference>Get_Farmer_details</targetReference>
        </connector>
    </start>
    <status>Active</status>
    <variables>
        <name>CropType</name>
        <dataType>String</dataType>
        <isCollection>false</isCollection>
        <isInput>true</isInput>
        <isOutput>false</isOutput>
    </variables>
    <variables>
        <name>FarmId</name>
        <dataType>String</dataType>
        <isCollection>false</isCollection>
        <isInput>false</isInput>
        <isOutput>true</isOutput>
    </variables>
    <variables>
        <name>FarmName</name>
        <dataType>String</dataType>
        <isCollection>false</isCollection>
        <isInput>true</isInput>
        <isOutput>false</isOutput>
    </variables>
    <variables>
        <name>FarmSizeAcres</name>
        <dataType>Number</dataType>
        <isCollection>false</isCollection>
        <isInput>true</isInput>
        <isOutput>false</isOutput>
        <scale>2</scale>
    </variables>
    <variables>
        <name>Location</name>
        <dataType>String</dataType>
        <isCollection>false</isCollection>
        <isInput>true</isInput>
        <isOutput>false</isOutput>
    </variables>
    <variables>
        <name>PhoneNumber</name>
        <dataType>String</dataType>
        <isCollection>false</isCollection>
        <isInput>true</isInput>
        <isOutput>false</isOutput>
    </variables>
</Flow>
