<?xml version="1.0" encoding="UTF-8"?>
<Flow xmlns="http://soap.sforce.com/2006/04/metadata">
    <apiVersion>63.0</apiVersion>
    <areMetricsLoggedToDataCloud>false</areMetricsLoggedToDataCloud>
    <environments>Default</environments>
    <interviewLabel>Farm AI - Fetch Job Applications of a job listing {!$Flow.CurrentDateTime}</interviewLabel>
    <label>Farm AI - Fetch Job Applications of a job listing</label>
    <processMetadataValues>
        <name>BuilderType</name>
        <value>
            <stringValue>LightningFlowBuilder</stringValue>
        </value>
    </processMetadataValues>
    <processMetadataValues>
        <name>CanvasMode</name>
        <value>
            <stringValue>AUTO_LAYOUT_CANVAS</stringValue>
        </value>
    </processMetadataValues>
    <processMetadataValues>
        <name>OriginBuilderType</name>
        <value>
            <stringValue>LightningFlowBuilder</stringValue>
        </value>
    </processMetadataValues>
    <processType>AutoLaunchedFlow</processType>
    <recordLookups>
        <name>Fetch_Job_Applications</name>
        <label>Fetch Job Applications</label>
        <locationX>176</locationX>
        <locationY>134</locationY>
        <assignNullValuesIfNoRecordsFound>false</assignNullValuesIfNoRecordsFound>
        <filterLogic>and</filterLogic>
        <filters>
            <field>Job_Listing__c</field>
            <operator>EqualTo</operator>
            <value>
                <elementReference>JobListingId</elementReference>
            </value>
        </filters>
        <object>Job_Application__c</object>
        <outputReference>ListJobApplications</outputReference>
        <queriedFields>Name</queriedFields>
        <queriedFields>Status__c</queriedFields>
        <queriedFields>Applied_Date__c</queriedFields>
        <queriedFields>Labour_Name__c</queriedFields>
        <queriedFields>Labour_Contact_Number__c</queriedFields>
    </recordLookups>
    <start>
        <locationX>50</locationX>
        <locationY>0</locationY>
        <connector>
            <targetReference>Fetch_Job_Applications</targetReference>
        </connector>
    </start>
    <status>Active</status>
    <variables>
        <name>JobListingId</name>
        <dataType>String</dataType>
        <isCollection>false</isCollection>
        <isInput>true</isInput>
        <isOutput>false</isOutput>
    </variables>
    <variables>
        <name>ListJobApplications</name>
        <dataType>SObject</dataType>
        <isCollection>true</isCollection>
        <isInput>false</isInput>
        <isOutput>true</isOutput>
        <objectType>Job_Application__c</objectType>
    </variables>
</Flow>
