<?xml version="1.0" encoding="UTF-8"?>
<Flow xmlns="http://soap.sforce.com/2006/04/metadata">
    <apiVersion>63.0</apiVersion>
    <areMetricsLoggedToDataCloud>false</areMetricsLoggedToDataCloud>
    <assignments>
        <name>Assign_farmer_details</name>
        <label>Assign farmer details</label>
        <locationX>50</locationX>
        <locationY>458</locationY>
        <assignmentItems>
            <assignToReference>FarmerDetails</assignToReference>
            <operator>Assign</operator>
            <value>
                <elementReference>Get_Farmer_record</elementReference>
            </value>
        </assignmentItems>
    </assignments>
    <assignments>
        <name>Assign_Labour_records</name>
        <label>Assign Labour records</label>
        <locationX>314</locationX>
        <locationY>458</locationY>
        <assignmentItems>
            <assignToReference>LabourDetails</assignToReference>
            <operator>Assign</operator>
            <value>
                <elementReference>Get_labour_record</elementReference>
            </value>
        </assignmentItems>
    </assignments>
    <decisions>
        <name>Assign_Output</name>
        <label>Assign Output</label>
        <locationX>314</locationX>
        <locationY>350</locationY>
        <defaultConnectorLabel>Default Outcome</defaultConnectorLabel>
        <rules>
            <name>Farmer_record_details</name>
            <conditionLogic>and</conditionLogic>
            <conditions>
                <leftValueReference>Get_Farmer_record.Id</leftValueReference>
                <operator>IsNull</operator>
                <rightValue>
                    <booleanValue>false</booleanValue>
                </rightValue>
            </conditions>
            <connector>
                <targetReference>Assign_farmer_details</targetReference>
            </connector>
            <label>Farmer record details</label>
        </rules>
        <rules>
            <name>Labour_record_details</name>
            <conditionLogic>and</conditionLogic>
            <conditions>
                <leftValueReference>Get_labour_record.Id</leftValueReference>
                <operator>IsNull</operator>
                <rightValue>
                    <booleanValue>false</booleanValue>
                </rightValue>
            </conditions>
            <connector>
                <targetReference>Assign_Labour_records</targetReference>
            </connector>
            <label>Labour record details</label>
        </rules>
    </decisions>
    <environments>Default</environments>
    <interviewLabel>Farm AI - Identify Farmer or Labour {!$Flow.CurrentDateTime}</interviewLabel>
    <label>Farm AI - Identify Farmer or Labour</label>
    <processMetadataValues>
        <name>BuilderType</name>
        <value>
            <stringValue>LightningFlowBuilder</stringValue>
        </value>
    </processMetadataValues>
    <processMetadataValues>
        <name>CanvasMode</name>
        <value>
            <stringValue>AUTO_LAYOUT_CANVAS</stringValue>
        </value>
    </processMetadataValues>
    <processMetadataValues>
        <name>OriginBuilderType</name>
        <value>
            <stringValue>LightningFlowBuilder</stringValue>
        </value>
    </processMetadataValues>
    <processType>AutoLaunchedFlow</processType>
    <recordLookups>
        <name>Get_Farmer_record</name>
        <label>Get Farmer record</label>
        <locationX>314</locationX>
        <locationY>242</locationY>
        <assignNullValuesIfNoRecordsFound>false</assignNullValuesIfNoRecordsFound>
        <connector>
            <targetReference>Assign_Output</targetReference>
        </connector>
        <filterLogic>and</filterLogic>
        <filters>
            <field>Contact_Number__c</field>
            <operator>EqualTo</operator>
            <value>
                <elementReference>PhoneNumber</elementReference>
            </value>
        </filters>
        <getFirstRecordOnly>true</getFirstRecordOnly>
        <object>Farmer__c</object>
        <storeOutputAutomatically>true</storeOutputAutomatically>
    </recordLookups>
    <recordLookups>
        <name>Get_labour_record</name>
        <label>Get labour record</label>
        <locationX>314</locationX>
        <locationY>134</locationY>
        <assignNullValuesIfNoRecordsFound>false</assignNullValuesIfNoRecordsFound>
        <connector>
            <targetReference>Get_Farmer_record</targetReference>
        </connector>
        <filterLogic>and</filterLogic>
        <filters>
            <field>Contact_Number__c</field>
            <operator>EqualTo</operator>
            <value>
                <elementReference>PhoneNumber</elementReference>
            </value>
        </filters>
        <getFirstRecordOnly>true</getFirstRecordOnly>
        <object>Labour__c</object>
        <storeOutputAutomatically>true</storeOutputAutomatically>
    </recordLookups>
    <start>
        <locationX>188</locationX>
        <locationY>0</locationY>
        <connector>
            <targetReference>Get_labour_record</targetReference>
        </connector>
    </start>
    <status>Active</status>
    <variables>
        <name>FarmerDetails</name>
        <dataType>SObject</dataType>
        <isCollection>false</isCollection>
        <isInput>false</isInput>
        <isOutput>true</isOutput>
        <objectType>Farmer__c</objectType>
    </variables>
    <variables>
        <name>LabourDetails</name>
        <dataType>SObject</dataType>
        <isCollection>false</isCollection>
        <isInput>false</isInput>
        <isOutput>true</isOutput>
        <objectType>Labour__c</objectType>
    </variables>
    <variables>
        <name>PhoneNumber</name>
        <dataType>String</dataType>
        <isCollection>false</isCollection>
        <isInput>true</isInput>
        <isOutput>false</isOutput>
    </variables>
</Flow>
