<?xml version="1.0" encoding="UTF-8"?>
<Flow xmlns="http://soap.sforce.com/2006/04/metadata">
    <apiVersion>63.0</apiVersion>
    <areMetricsLoggedToDataCloud>false</areMetricsLoggedToDataCloud>
    <assignments>
        <name>Accept_Assignment</name>
        <label>Accept Assignment</label>
        <locationX>314</locationX>
        <locationY>242</locationY>
        <assignmentItems>
            <assignToReference>StatusJob</assignToReference>
            <operator>Assign</operator>
            <value>
                <stringValue>Accepted</stringValue>
            </value>
        </assignmentItems>
        <connector>
            <targetReference>Update_job_application</targetReference>
        </connector>
    </assignments>
    <assignments>
        <name>output_text</name>
        <label>output text</label>
        <locationX>314</locationX>
        <locationY>542</locationY>
        <assignmentItems>
            <assignToReference>OutputText</assignToReference>
            <operator>Assign</operator>
            <value>
                <stringValue>Job Application Status successfully updated </stringValue>
            </value>
        </assignmentItems>
    </assignments>
    <assignments>
        <name>Reject_Assignment</name>
        <label>Reject Assignment</label>
        <locationX>50</locationX>
        <locationY>242</locationY>
        <assignmentItems>
            <assignToReference>StatusJob</assignToReference>
            <operator>Assign</operator>
            <value>
                <stringValue>Rejected</stringValue>
            </value>
        </assignmentItems>
        <connector>
            <targetReference>Update_job_application</targetReference>
        </connector>
    </assignments>
    <decisions>
        <name>Action_is_accept_or_reject</name>
        <label>Action is accept or reject</label>
        <locationX>314</locationX>
        <locationY>134</locationY>
        <defaultConnectorLabel>Default Outcome</defaultConnectorLabel>
        <rules>
            <name>Action_Reject</name>
            <conditionLogic>and</conditionLogic>
            <conditions>
                <leftValueReference>UpdateStatusAs</leftValueReference>
                <operator>EqualTo</operator>
                <rightValue>
                    <stringValue>Rejected</stringValue>
                </rightValue>
            </conditions>
            <connector>
                <targetReference>Reject_Assignment</targetReference>
            </connector>
            <label>Action Reject</label>
        </rules>
        <rules>
            <name>Action_Accept</name>
            <conditionLogic>and</conditionLogic>
            <conditions>
                <leftValueReference>UpdateStatusAs</leftValueReference>
                <operator>EqualTo</operator>
                <rightValue>
                    <stringValue>Accepted</stringValue>
                </rightValue>
            </conditions>
            <connector>
                <targetReference>Accept_Assignment</targetReference>
            </connector>
            <label>Action Accept</label>
        </rules>
    </decisions>
    <environments>Default</environments>
    <interviewLabel>Farm AI - Accept or Reject Job Applications {!$Flow.CurrentDateTime}</interviewLabel>
    <label>Farm AI - Accept or Reject Job Applications</label>
    <processMetadataValues>
        <name>BuilderType</name>
        <value>
            <stringValue>LightningFlowBuilder</stringValue>
        </value>
    </processMetadataValues>
    <processMetadataValues>
        <name>CanvasMode</name>
        <value>
            <stringValue>AUTO_LAYOUT_CANVAS</stringValue>
        </value>
    </processMetadataValues>
    <processMetadataValues>
        <name>OriginBuilderType</name>
        <value>
            <stringValue>LightningFlowBuilder</stringValue>
        </value>
    </processMetadataValues>
    <processType>AutoLaunchedFlow</processType>
    <recordUpdates>
        <name>Update_job_application</name>
        <label>Update job application</label>
        <locationX>314</locationX>
        <locationY>434</locationY>
        <connector>
            <targetReference>output_text</targetReference>
        </connector>
        <filterLogic>and</filterLogic>
        <filters>
            <field>Id</field>
            <operator>In</operator>
            <value>
                <elementReference>JobApplicationIdsList</elementReference>
            </value>
        </filters>
        <inputAssignments>
            <field>Status__c</field>
            <value>
                <elementReference>StatusJob</elementReference>
            </value>
        </inputAssignments>
        <object>Job_Application__c</object>
    </recordUpdates>
    <start>
        <locationX>188</locationX>
        <locationY>0</locationY>
        <connector>
            <targetReference>Action_is_accept_or_reject</targetReference>
        </connector>
    </start>
    <status>Active</status>
    <variables>
        <name>JobApplicationIdsList</name>
        <dataType>String</dataType>
        <isCollection>true</isCollection>
        <isInput>true</isInput>
        <isOutput>false</isOutput>
    </variables>
    <variables>
        <name>OutputText</name>
        <dataType>String</dataType>
        <isCollection>false</isCollection>
        <isInput>false</isInput>
        <isOutput>true</isOutput>
    </variables>
    <variables>
        <name>StatusJob</name>
        <dataType>String</dataType>
        <isCollection>false</isCollection>
        <isInput>false</isInput>
        <isOutput>false</isOutput>
    </variables>
    <variables>
        <name>UpdateStatusAs</name>
        <dataType>String</dataType>
        <isCollection>false</isCollection>
        <isInput>true</isInput>
        <isOutput>false</isOutput>
    </variables>
</Flow>
