<?xml version="1.0" encoding="UTF-8"?>
<Flow xmlns="http://soap.sforce.com/2006/04/metadata">
    <apiVersion>63.0</apiVersion>
    <areMetricsLoggedToDataCloud>false</areMetricsLoggedToDataCloud>
    <environments>Default</environments>
    <interviewLabel>Farm AI - Fetch farms under a Farmer {!$Flow.CurrentDateTime}</interviewLabel>
    <label>Farm AI - Fetch farms under a Farmer</label>
    <processMetadataValues>
        <name>BuilderType</name>
        <value>
            <stringValue>LightningFlowBuilder</stringValue>
        </value>
    </processMetadataValues>
    <processMetadataValues>
        <name>CanvasMode</name>
        <value>
            <stringValue>AUTO_LAYOUT_CANVAS</stringValue>
        </value>
    </processMetadataValues>
    <processMetadataValues>
        <name>OriginBuilderType</name>
        <value>
            <stringValue>LightningFlowBuilder</stringValue>
        </value>
    </processMetadataValues>
    <processType>AutoLaunchedFlow</processType>
    <recordLookups>
        <name>Get_Farms_under_Farmer</name>
        <label>Get Farms under Farmer</label>
        <locationX>176</locationX>
        <locationY>134</locationY>
        <assignNullValuesIfNoRecordsFound>false</assignNullValuesIfNoRecordsFound>
        <filterLogic>and</filterLogic>
        <filters>
            <field>Farmer_Contact_Number__c</field>
            <operator>EqualTo</operator>
            <value>
                <elementReference>PhoneNumber</elementReference>
            </value>
        </filters>
        <object>Farm__c</object>
        <outputReference>FarmsList</outputReference>
        <queriedFields>Name</queriedFields>
        <queriedFields>Location__c</queriedFields>
        <queriedFields>Size_acres__c</queriedFields>
        <queriedFields>Crop_type__c</queriedFields>
    </recordLookups>
    <start>
        <locationX>50</locationX>
        <locationY>0</locationY>
        <connector>
            <targetReference>Get_Farms_under_Farmer</targetReference>
        </connector>
    </start>
    <status>Active</status>
    <variables>
        <name>FarmsList</name>
        <dataType>SObject</dataType>
        <isCollection>false</isCollection>
        <isInput>false</isInput>
        <isOutput>true</isOutput>
        <objectType>Farm__c</objectType>
    </variables>
    <variables>
        <name>PhoneNumber</name>
        <dataType>String</dataType>
        <isCollection>false</isCollection>
        <isInput>true</isInput>
        <isOutput>false</isOutput>
    </variables>
</Flow>
