<?xml version="1.0" encoding="UTF-8"?>
<Flow xmlns="http://soap.sforce.com/2006/04/metadata">
    <apiVersion>63.0</apiVersion>
    <areMetricsLoggedToDataCloud>false</areMetricsLoggedToDataCloud>
    <environments>Default</environments>
    <interviewLabel>Farm AI - Fetch All Labour Records {!$Flow.CurrentDateTime}</interviewLabel>
    <label>Farm AI - Fetch All Labour Records</label>
    <processMetadataValues>
        <name>BuilderType</name>
        <value>
            <stringValue>LightningFlowBuilder</stringValue>
        </value>
    </processMetadataValues>
    <processMetadataValues>
        <name>CanvasMode</name>
        <value>
            <stringValue>AUTO_LAYOUT_CANVAS</stringValue>
        </value>
    </processMetadataValues>
    <processMetadataValues>
        <name>OriginBuilderType</name>
        <value>
            <stringValue>LightningFlowBuilder</stringValue>
        </value>
    </processMetadataValues>
    <processType>AutoLaunchedFlow</processType>
    <recordLookups>
        <name>Get_labourer_records</name>
        <label>Get labourer records</label>
        <locationX>176</locationX>
        <locationY>134</locationY>
        <assignNullValuesIfNoRecordsFound>false</assignNullValuesIfNoRecordsFound>
        <object>Labour__c</object>
        <outputReference>LaboursList</outputReference>
        <queriedFields>Contact_Number__c</queriedFields>
        <queriedFields>Experience_years__c</queriedFields>
        <queriedFields>Language__c</queriedFields>
        <queriedFields>Location__c</queriedFields>
        <queriedFields>Gender__c</queriedFields>
        <queriedFields>Name</queriedFields>
        <queriedFields>Rating__c</queriedFields>
        <queriedFields>Skill__c</queriedFields>
    </recordLookups>
    <start>
        <locationX>50</locationX>
        <locationY>0</locationY>
        <connector>
            <targetReference>Get_labourer_records</targetReference>
        </connector>
    </start>
    <status>Active</status>
    <variables>
        <name>DummyVar</name>
        <dataType>String</dataType>
        <isCollection>false</isCollection>
        <isInput>true</isInput>
        <isOutput>false</isOutput>
    </variables>
    <variables>
        <name>LaboursList</name>
        <dataType>SObject</dataType>
        <isCollection>true</isCollection>
        <isInput>false</isInput>
        <isOutput>true</isOutput>
        <objectType>Labour__c</objectType>
    </variables>
</Flow>
