<?xml version="1.0" encoding="UTF-8"?>
<Flow xmlns="http://soap.sforce.com/2006/04/metadata">
    <apiVersion>63.0</apiVersion>
    <areMetricsLoggedToDataCloud>false</areMetricsLoggedToDataCloud>
    <environments>Default</environments>
    <interviewLabel>Farm AI - Create Job Listing {!$Flow.CurrentDateTime}</interviewLabel>
    <label>Farm AI - Create Job Listing</label>
    <processMetadataValues>
        <name>BuilderType</name>
        <value>
            <stringValue>LightningFlowBuilder</stringValue>
        </value>
    </processMetadataValues>
    <processMetadataValues>
        <name>CanvasMode</name>
        <value>
            <stringValue>AUTO_LAYOUT_CANVAS</stringValue>
        </value>
    </processMetadataValues>
    <processMetadataValues>
        <name>OriginBuilderType</name>
        <value>
            <stringValue>LightningFlowBuilder</stringValue>
        </value>
    </processMetadataValues>
    <processType>AutoLaunchedFlow</processType>
    <recordCreates>
        <name>Create_Job_Listing_record</name>
        <label>Create Job Listing record</label>
        <locationX>176</locationX>
        <locationY>242</locationY>
        <assignRecordIdToReference>JobId</assignRecordIdToReference>
        <inputAssignments>
            <field>Farm__c</field>
            <value>
                <elementReference>FarmId</elementReference>
            </value>
        </inputAssignments>
        <inputAssignments>
            <field>Farmer__c</field>
            <value>
                <elementReference>FarmerId</elementReference>
            </value>
        </inputAssignments>
        <inputAssignments>
            <field>Location__c</field>
            <value>
                <elementReference>location</elementReference>
            </value>
        </inputAssignments>
        <inputAssignments>
            <field>Name</field>
            <value>
                <elementReference>jobName</elementReference>
            </value>
        </inputAssignments>
        <inputAssignments>
            <field>Number_of_workers_required__c</field>
            <value>
                <elementReference>NoOfWorkersRequired</elementReference>
            </value>
        </inputAssignments>
        <inputAssignments>
            <field>Pay_Rate__c</field>
            <value>
                <elementReference>PayRate</elementReference>
            </value>
        </inputAssignments>
        <inputAssignments>
            <field>Skill__c</field>
            <value>
                <elementReference>Skills</elementReference>
            </value>
        </inputAssignments>
        <inputAssignments>
            <field>Status__c</field>
            <value>
                <stringValue>Open</stringValue>
            </value>
        </inputAssignments>
        <object>Job_Listing__c</object>
    </recordCreates>
    <recordLookups>
        <name>Get_Farmer_details</name>
        <label>Get Farmer details</label>
        <locationX>176</locationX>
        <locationY>134</locationY>
        <assignNullValuesIfNoRecordsFound>false</assignNullValuesIfNoRecordsFound>
        <connector>
            <targetReference>Create_Job_Listing_record</targetReference>
        </connector>
        <filterLogic>and</filterLogic>
        <filters>
            <field>Contact_Number__c</field>
            <operator>EqualTo</operator>
            <value>
                <elementReference>PhoneNumber</elementReference>
            </value>
        </filters>
        <object>Farmer__c</object>
        <outputAssignments>
            <assignToReference>FarmerId</assignToReference>
            <field>Id</field>
        </outputAssignments>
    </recordLookups>
    <start>
        <locationX>50</locationX>
        <locationY>0</locationY>
        <connector>
            <targetReference>Get_Farmer_details</targetReference>
        </connector>
    </start>
    <status>Active</status>
    <variables>
        <name>FarmerId</name>
        <dataType>String</dataType>
        <isCollection>false</isCollection>
        <isInput>false</isInput>
        <isOutput>false</isOutput>
    </variables>
    <variables>
        <name>FarmId</name>
        <dataType>String</dataType>
        <isCollection>false</isCollection>
        <isInput>true</isInput>
        <isOutput>false</isOutput>
    </variables>
    <variables>
        <name>JobId</name>
        <dataType>String</dataType>
        <isCollection>false</isCollection>
        <isInput>false</isInput>
        <isOutput>true</isOutput>
    </variables>
    <variables>
        <name>jobName</name>
        <dataType>String</dataType>
        <isCollection>false</isCollection>
        <isInput>true</isInput>
        <isOutput>false</isOutput>
    </variables>
    <variables>
        <name>location</name>
        <dataType>String</dataType>
        <isCollection>false</isCollection>
        <isInput>true</isInput>
        <isOutput>false</isOutput>
    </variables>
    <variables>
        <name>NoOfWorkersRequired</name>
        <dataType>Number</dataType>
        <isCollection>false</isCollection>
        <isInput>true</isInput>
        <isOutput>false</isOutput>
        <scale>0</scale>
    </variables>
    <variables>
        <name>PayRate</name>
        <dataType>String</dataType>
        <isCollection>false</isCollection>
        <isInput>true</isInput>
        <isOutput>false</isOutput>
    </variables>
    <variables>
        <name>PhoneNumber</name>
        <dataType>String</dataType>
        <isCollection>false</isCollection>
        <isInput>true</isInput>
        <isOutput>false</isOutput>
    </variables>
    <variables>
        <name>Skills</name>
        <dataType>String</dataType>
        <isCollection>false</isCollection>
        <isInput>true</isInput>
        <isOutput>false</isOutput>
    </variables>
</Flow>
