<?xml version="1.0" encoding="UTF-8"?>
<Flow xmlns="http://soap.sforce.com/2006/04/metadata">
    <actionCalls>
        <description>Email to Farmer</description>
        <name>Email_to_Farmer</name>
        <label>Email to Farmer</label>
        <locationX>176</locationX>
        <locationY>323</locationY>
        <actionName>emailSimple</actionName>
        <actionType>emailSimple</actionType>
        <flowTransactionModel>CurrentTransaction</flowTransactionModel>
        <inputParameters>
            <name>emailAddresses</name>
            <value>
                <elementReference>$Record.Job_Listing__r.Farmer__r.Email__c</elementReference>
            </value>
        </inputParameters>
        <inputParameters>
            <name>senderType</name>
            <value>
                <stringValue>OrgWideEmailAddress</stringValue>
            </value>
        </inputParameters>
        <inputParameters>
            <name>senderAddress</name>
            <value>
                <stringValue>myemail.5564@gmail.com</stringValue>
            </value>
        </inputParameters>
        <inputParameters>
            <name>emailSubject</name>
            <value>
                <stringValue>Job Application Created</stringValue>
            </value>
        </inputParameters>
        <inputParameters>
            <name>emailBody</name>
            <value>
                <elementReference>EmailBody</elementReference>
            </value>
        </inputParameters>
        <inputParameters>
            <name>sendRichBody</name>
            <value>
                <booleanValue>true</booleanValue>
            </value>
        </inputParameters>
        <inputParameters>
            <name>recipientId</name>
            <value>
                <elementReference>$Record.Job_Listing__r.Farmer__r.Email__c</elementReference>
            </value>
        </inputParameters>
        <nameSegment>emailSimple</nameSegment>
        <offset>0</offset>
    </actionCalls>
    <apiVersion>58.0</apiVersion>
    <areMetricsLoggedToDataCloud>false</areMetricsLoggedToDataCloud>
    <description>This is a Record-Triggered Flow.
This flow is triggered after a record is created on the Job_Application__c object. It sends an email to the associated farmer using their email address stored on the related Job_Listing__r.Farmer__r record. The email subject and body are set to &apos;Job Application Created&apos;.

Several objects and their fields worth mentioning. Below are the details (the format is given as: object_name - field_name: interaction)
  * Job_Application__c - Record ID : Triggered by record creation
  * Job_Listing__c - Farmer__r : Used to retrieve the farmer&apos;s record
  * Farmer__c - Email__c : Used to send the email</description>
    <environments>Default</environments>
    <interviewLabel>AI Generated Flow for need a to send a email alert to Farmer...</interviewLabel>
    <label>Job Application - Email Alert - Send Alert to Farmer</label>
    <processMetadataValues>
        <name>BuilderType</name>
        <value>
            <stringValue>LightningFlowBuilder</stringValue>
        </value>
    </processMetadataValues>
    <processMetadataValues>
        <name>CanvasMode</name>
        <value>
            <stringValue>AUTO_LAYOUT_CANVAS</stringValue>
        </value>
    </processMetadataValues>
    <processMetadataValues>
        <name>GptId</name>
        <value>
            <stringValue>7d36b264-16cd-4c53-a8ba-6e6a9c185754</stringValue>
        </value>
    </processMetadataValues>
    <processMetadataValues>
        <name>GptLlmIds</name>
        <value>
            <stringValue>[&quot;81a552b2-7185-46b5-909f-3237276fcd67&quot;]</stringValue>
        </value>
    </processMetadataValues>
    <processMetadataValues>
        <name>OriginBuilderType</name>
        <value>
            <stringValue>LightningFlowBuilder</stringValue>
        </value>
    </processMetadataValues>
    <processType>AutoLaunchedFlow</processType>
    <start>
        <locationX>50</locationX>
        <locationY>0</locationY>
        <connector>
            <targetReference>Email_to_Farmer</targetReference>
        </connector>
        <filterFormula>!ISBLANK({!$Record.Job_Listing__r.Farmer__r.Email__c})</filterFormula>
        <object>Job_Application__c</object>
        <recordTriggerType>Create</recordTriggerType>
        <triggerType>RecordAfterSave</triggerType>
    </start>
    <status>Active</status>
    <textTemplates>
        <name>EmailBody</name>
        <isViewedAsPlainText>false</isViewedAsPlainText>
        <text>&lt;p&gt;Hello &lt;strong&gt;{!$Record.Job_Listing__r.Farmer__r.Name}&lt;/strong&gt;&lt;/p&gt;&lt;p&gt;&lt;br&gt;&lt;/p&gt;&lt;p&gt;We would like to inform you that a new labour request has been received for your farm. Below are the details of the labourer who is interested in working with you:&lt;/p&gt;&lt;p&gt;&lt;br&gt;&lt;/p&gt;&lt;ul&gt;&lt;li&gt;Name: {!$Record.Labour__r.Name}&lt;/li&gt;&lt;li&gt;Contact Number: {!$Record.Labour_Contact_Number__c}&lt;/li&gt;&lt;li&gt;Skill Set: {!$Record.Labour__r.Skill__c}&lt;/li&gt;&lt;li&gt;Status: {!$Record.Status__c}&lt;/li&gt;&lt;li&gt;Location: {!$Record.Job_Listing__r.Location__c}&lt;/li&gt;&lt;li&gt;Job Listing Name:  {!$Record.Job_Listing__r.Name}&lt;/li&gt;&lt;/ul&gt;&lt;p class=&quot;ql-indent-1&quot;&gt;&lt;br&gt;&lt;/p&gt;&lt;p&gt;The labourer has requested to start working on your farm and is excited to contribute to your operations. Kindly review the provided information and respond as soon as possible if you wish to confirm their participation.&lt;/p&gt;&lt;p&gt;&lt;br&gt;&lt;/p&gt;&lt;p&gt;Thank you for choosing our services.&lt;/p&gt;&lt;p&gt;&lt;br&gt;&lt;/p&gt;</text>
    </textTemplates>
</Flow>
