<?xml version="1.0" encoding="UTF-8"?>
<GenAiFunction xmlns="http://soap.sforce.com/2006/04/metadata">
    <description>This action used for creation of Farms based on Farmer inputs</description>
    <invocationTarget>Farm_AI_Create_Farm</invocationTarget>
    <invocationTargetType>flow</invocationTargetType>
    <isConfirmationRequired>false</isConfirmationRequired>
    <isIncludeInProgressIndicator>false</isIncludeInProgressIndicator>
    <masterLabel>Farm AI - Create Farm</masterLabel>
</GenAiFunction>
