<?xml version="1.0" encoding="UTF-8"?>
<CustomApplication xmlns="http://soap.sforce.com/2006/04/metadata">
    <brand>
        <headerColor>#7A16A1</headerColor>
        <shouldOverrideOrgTheme>false</shouldOverrideOrgTheme>
    </brand>
    <description>Farm apps is mainly designed to assist farmers and  Labor in managing their farms, posting new jobs and create job application for laborers.</description>
    <formFactors>Small</formFactors>
    <formFactors>Large</formFactors>
    <isNavAutoTempTabsDisabled>false</isNavAutoTempTabsDisabled>
    <isNavPersonalizationDisabled>false</isNavPersonalizationDisabled>
    <isNavTabPersistenceDisabled>false</isNavTabPersistenceDisabled>
    <isOmniPinnedViewEnabled>false</isOmniPinnedViewEnabled>
    <label>FARM AI</label>
    <navType>Standard</navType>
    <tabs>Farmer__c</tabs>
    <tabs>Farm__c</tabs>
    <tabs>Job_Application__c</tabs>
    <tabs>Job_Listing__c</tabs>
    <tabs>Labour__c</tabs>
    <uiType>Lightning</uiType>
    <utilityBar>FARM_AI_UtilityBar</utilityBar>
</CustomApplication>
