{
  "unevaluatedProperties" : false,
  "properties" : {
    "FarmerDetails" : {
      "title" : "FarmerDetails",
      "description" : "record datatype",
      "lightning:type" : "lightning__recordInfoType",
      "lightning:sObjectInfo" : {
        "apiName" : "Farmer__c"
      },
      "lightning:isPII" : false,
      "copilotAction:isDisplayable" : true,
      "copilotAction:isUsedByPlanner" : true,
      "copilotAction:useHydratedPrompt" : false
    },
    "LabourDetails" : {
      "title" : "LabourDetails",
      "description" : "record datatype",
      "lightning:type" : "lightning__recordInfoType",
      "lightning:sObjectInfo" : {
        "apiName" : "Labour__c"
      },
      "lightning:isPII" : false,
      "copilotAction:isDisplayable" : true,
      "copilotAction:isUsedByPlanner" : true,
      "copilotAction:useHydratedPrompt" : false
    }
  },
  "lightning:type" : "lightning__objectType"
}