<?xml version="1.0" encoding="UTF-8"?>
<GenAiFunction xmlns="http://soap.sforce.com/2006/04/metadata">
    <description>Create Job application based on selected job listing</description>
    <invocationTarget>FARM_AI_Create_Job_Application</invocationTarget>
    <invocationTargetType>flow</invocationTargetType>
    <isConfirmationRequired>false</isConfirmationRequired>
    <isIncludeInProgressIndicator>true</isIncludeInProgressIndicator>
    <masterLabel>FARM AI - Create Job Application</masterLabel>
    <progressIndicatorMessage>fetching..</progressIndicatorMessage>
</GenAiFunction>
