{
  "required" : [ "FarmId" ],
  "unevaluatedProperties" : false,
  "properties" : {
    "FarmId" : {
      "title" : "FarmId",
      "description" : "Id",
      "lightning:type" : "lightning__textType",
      "lightning:isPII" : false,
      "copilotAction:isUserInput" : true
    },
    "NoOfWorkersRequired" : {
      "title" : "NoOfWorkersRequired",
      "description" : "Integer",
      "lightning:type" : "lightning__numberType",
      "lightning:isPII" : false,
      "copilotAction:isUserInput" : true
    },
    "PayRate" : {
      "title" : "PayRate",
      "description" : "Text",
      "lightning:type" : "lightning__textType",
      "lightning:isPII" : false,
      "copilotAction:isUserInput" : true
    },
    "PhoneNumber" : {
      "title" : "PhoneNumber",
      "description" : "Phone number",
      "lightning:type" : "lightning__textType",
      "lightning:isPII" : false,
      "copilotAction:isUserInput" : true
    },
    "Skills" : {
      "title" : "Skills",
      "description" : "text",
      "lightning:type" : "lightning__textType",
      "lightning:isPII" : false,
      "copilotAction:isUserInput" : true
    },
    "jobName" : {
      "title" : "jobName",
      "description" : "Text",
      "lightning:type" : "lightning__textType",
      "lightning:isPII" : false,
      "copilotAction:isUserInput" : true
    },
    "location" : {
      "title" : "location",
      "description" : "text",
      "lightning:type" : "lightning__textType",
      "lightning:isPII" : false,
      "copilotAction:isUserInput" : true
    }
  },
  "lightning:type" : "lightning__objectType"
}