<?xml version="1.0" encoding="UTF-8"?>
<GenAiFunction xmlns="http://soap.sforce.com/2006/04/metadata">
    <description>This action is to fetch farms related to farmer</description>
    <invocationTarget>Farm_AI_Fetch_farms_under_a_Farmer</invocationTarget>
    <invocationTargetType>flow</invocationTargetType>
    <isConfirmationRequired>false</isConfirmationRequired>
    <isIncludeInProgressIndicator>false</isIncludeInProgressIndicator>
    <masterLabel>Farm AI - Fetch farms under a Farmer</masterLabel>
</GenAiFunction>
