<?xml version="1.0" encoding="UTF-8"?>
<GenAiFunction xmlns="http://soap.sforce.com/2006/04/metadata">
    <description>Filter Labour records that are matches with  user inputs</description>
    <invocationTarget>Farm_AI_Fetch_All_Labour_Records</invocationTarget>
    <invocationTargetType>flow</invocationTargetType>
    <isConfirmationRequired>false</isConfirmationRequired>
    <isIncludeInProgressIndicator>false</isIncludeInProgressIndicator>
    <masterLabel>Farm AI - Fetch All Labour Records</masterLabel>
</GenAiFunction>
