<?xml version="1.0" encoding="UTF-8"?>
<GenAiFunction xmlns="http://soap.sforce.com/2006/04/metadata">
    <description>Call this action at the beginning of conversation to fetch contact number of user from message session record</description>
    <invocationTarget>Farm_AI_Fetch_Contact_Number_from_Message_Session</invocationTarget>
    <invocationTargetType>flow</invocationTargetType>
    <isConfirmationRequired>false</isConfirmationRequired>
    <isIncludeInProgressIndicator>false</isIncludeInProgressIndicator>
    <masterLabel>Farm AI - Fetch Contact Number from Message Session</masterLabel>
</GenAiFunction>
