<?xml version="1.0" encoding="UTF-8"?>
<GenAiFunction xmlns="http://soap.sforce.com/2006/04/metadata">
    <description>This action user to fetch all the job postings</description>
    <invocationTarget>Farm_AI_Fetch_Job_Listings</invocationTarget>
    <invocationTargetType>flow</invocationTargetType>
    <isConfirmationRequired>false</isConfirmationRequired>
    <isIncludeInProgressIndicator>false</isIncludeInProgressIndicator>
    <masterLabel>Farm AI - Fetch Job Listings</masterLabel>
</GenAiFunction>
