<?xml version="1.0" encoding="UTF-8"?>
<GenAiPlugin xmlns="http://soap.sforce.com/2006/04/metadata">
    <canEscalate>false</canEscalate>
    <description>Manage the creation of new farms. Handle user requests related to setting up and configuring new farm entities.</description>
    <developerName>Farm_Creation</developerName>
    <genAiFunctions>
        <functionName>Farm_AI_Create_Farm</functionName>
    </genAiFunctions>
    <genAiPluginInstructions>
        <description>Restrict Farm creation for Labour user and allow only for farmer user strictly</description>
        <developerName>instruction_restrictfa0</developerName>
        <language>en_US</language>
        <masterLabel>instruction_restrictfa0</masterLabel>
    </genAiPluginInstructions>
    <genAiPluginInstructions>
        <description>Ensure that all farm creation actions are completed accurately and confirm with the user before finalizing the setup.</description>
        <developerName>instruction_ensurethat1</developerName>
        <language>en_US</language>
        <masterLabel>instruction_ensurethat1</masterLabel>
    </genAiPluginInstructions>
    <genAiPluginInstructions>
        <description>Following fields are required to be filled in to proceed further,
Name
Farmer
Farmer Contact Number
Location
Size(acres)
Crop type</description>
        <developerName>instruction_followingf2</developerName>
        <language>en_US</language>
        <masterLabel>instruction_followingf2</masterLabel>
    </genAiPluginInstructions>
    <genAiPluginInstructions>
        <description>Gather necessary information from the user regarding farm details such as name, location, and type of farm.</description>
        <developerName>instruction_gathernece3</developerName>
        <language>en_US</language>
        <masterLabel>instruction_gathernece3</masterLabel>
    </genAiPluginInstructions>
    <genAiPluginInstructions>
        <description>Guide the user through the steps of creating a new farm entity in the system.</description>
        <developerName>instruction_guidetheus4</developerName>
        <language>en_US</language>
        <masterLabel>instruction_guidetheus4</masterLabel>
    </genAiPluginInstructions>
    <genAiPluginInstructions>
        <description>If the user does not have all required details, ask clarifying questions to obtain the missing information.</description>
        <developerName>instruction_iftheuserd5</developerName>
        <language>en_US</language>
        <masterLabel>instruction_iftheuserd5</masterLabel>
    </genAiPluginInstructions>
    <genAiPluginInstructions>
        <description>If the user encounters any issues, offer to escalate the matter to a human agent or provide a case number for follow-up.</description>
        <developerName>instruction_iftheusere6</developerName>
        <language>en_US</language>
        <masterLabel>instruction_iftheusere6</masterLabel>
    </genAiPluginInstructions>
    <genAiPluginInstructions>
        <description>Don&apos;t Call any action strictly until the user asks to perform any action</description>
        <developerName>instruction_dontcallan7</developerName>
        <language>en_US</language>
        <masterLabel>instruction_dontcallan7</masterLabel>
    </genAiPluginInstructions>
    <language>en_US</language>
    <masterLabel>Farm Creation</masterLabel>
    <pluginType>Topic</pluginType>
    <scope>Your job is only to assist users in creating and configuring new farms. Do not handle other types of requests outside of farm creation.</scope>
</GenAiPlugin>
