<?xml version="1.0" encoding="UTF-8"?>
<GenAiPlugin xmlns="http://soap.sforce.com/2006/04/metadata">
    <canEscalate>false</canEscalate>
    <description>Fetch farmer or labour record details based on the entered phone number.</description>
    <developerName>Farmer_and_Labour_Record_Retrieval</developerName>
    <genAiFunctions>
        <functionName>Farm_AI_Identify_Farmer_or_Labour</functionName>
    </genAiFunctions>
    <genAiPluginInstructions>
        <description>Based on the fetched record declare if its either Farmer user or Labour user and use this for restricting topics based on the user type</description>
        <developerName>instruction_basedonthe0</developerName>
        <language>en_US</language>
        <masterLabel>instruction_basedonthe0</masterLabel>
    </genAiPluginInstructions>
    <genAiPluginInstructions>
        <description>Ensure to clarify any ambiguities by asking the user for additional information if needed.</description>
        <developerName>instruction_ensuretocl1</developerName>
        <language>en_US</language>
        <masterLabel>instruction_ensuretocl1</masterLabel>
    </genAiPluginInstructions>
    <genAiPluginInstructions>
        <description>If no record is found, inform the user and ask if they would like to try another phone number</description>
        <developerName>instruction_ifnorecord2</developerName>
        <language>en_US</language>
        <masterLabel>instruction_ifnorecord2</masterLabel>
    </genAiPluginInstructions>
    <genAiPluginInstructions>
        <description>after user enters contact number, search for the corresponding farmer or labour record associated with the contact number</description>
        <developerName>instruction_afterusere3</developerName>
        <language>en_US</language>
        <masterLabel>instruction_afterusere3</masterLabel>
    </genAiPluginInstructions>
    <genAiPluginInstructions>
        <description>Once the record is found, present the details to the user in the below format strictly 
Your Details(bold font) :
Name:
Contact Number:
Gender:
Location:
Language:
User type: (Display as Farmer or Labour based on fetch record)
Skill: (if its Labour user type)
Experience in years: (if its Labour user type)</description>
        <developerName>instruction_oncetherec4</developerName>
        <language>en_US</language>
        <masterLabel>instruction_oncetherec4</masterLabel>
    </genAiPluginInstructions>
    <genAiPluginInstructions>
        <description>Use the retrieved record to find the name of the user and use the name in conversation</description>
        <developerName>instruction_usetheretr5</developerName>
        <language>en_US</language>
        <masterLabel>instruction_usetheretr5</masterLabel>
    </genAiPluginInstructions>
    <genAiPluginInstructions>
        <description>Ask the user for the contact number for beginning the conversation before executing any topic or action so that it can be used for other actions</description>
        <developerName>instruction_asktheuser6</developerName>
        <language>en_US</language>
        <masterLabel>instruction_asktheuser6</masterLabel>
    </genAiPluginInstructions>
    <language>en_US</language>
    <masterLabel>Farmer and Labour Record Retrieval</masterLabel>
    <pluginType>Topic</pluginType>
    <scope>Your job is only to retrieve and provide the details of farmer or labour records using the phone number provided by the user.</scope>
</GenAiPlugin>
