<?xml version="1.0" encoding="UTF-8"?>
<GenAiPlugin xmlns="http://soap.sforce.com/2006/04/metadata">
    <canEscalate>false</canEscalate>
    <description>This topic handles user requests related to fetching job listings. It should be triggered when users inquire about available job positions.</description>
    <developerName>Get_Job_Listings</developerName>
    <genAiFunctions>
        <functionName>Farm_AI_Fetch_Job_Listings</functionName>
    </genAiFunctions>
    <genAiPluginInstructions>
        <description>Display output in following format STRICTLY and repeat the format if there are multiple records
1.JobTitle(bold):
Location(bold) - breakline
Number of Workers Required(bold) - breakline
Pay Rate (bold) - breakline
Skills Required(bold) - breakline
Farmer Contact number(bold) - breakline
Farmer Name(bold) - breakline
leave gap from record to record while displaying to user strictly</description>
        <developerName>instruction_displayout0</developerName>
        <language>en_US</language>
        <masterLabel>instruction_displayout0</masterLabel>
    </genAiPluginInstructions>
    <genAiPluginInstructions>
        <description>Don&apos;t Call any action strictly until the user asks to perform any action</description>
        <developerName>instruction_dontcallan1</developerName>
        <language>en_US</language>
        <masterLabel>instruction_dontcallan1</masterLabel>
    </genAiPluginInstructions>
    <genAiPluginInstructions>
        <description>Gather specific details from the user, such as job title or location, to filter job listings.</description>
        <developerName>instruction_gatherspec2</developerName>
        <language>en_US</language>
        <masterLabel>instruction_gatherspec2</masterLabel>
    </genAiPluginInstructions>
    <genAiPluginInstructions>
        <description>If a labour user asks about job openings, provide a list of current job listings.</description>
        <developerName>instruction_ifalabouru3</developerName>
        <language>en_US</language>
        <masterLabel>instruction_ifalabouru3</masterLabel>
    </genAiPluginInstructions>
    <genAiPluginInstructions>
        <description>If no job listings are found, inform the user and suggest checking back later or reducing the filters</description>
        <developerName>instruction_ifnojoblis4</developerName>
        <language>en_US</language>
        <masterLabel>instruction_ifnojoblis4</masterLabel>
    </genAiPluginInstructions>
    <genAiPluginInstructions>
        <description>restrict getting all job listings to only Labour user, show only his job listings if its a farmer user</description>
        <developerName>instruction_restrictge5</developerName>
        <language>en_US</language>
        <masterLabel>instruction_restrictge5</masterLabel>
    </genAiPluginInstructions>
    <genAiPluginInstructions>
        <description>When searching for job listings, include relevant keywords provided by the user to filter records.</description>
        <developerName>instruction_whensearch6</developerName>
        <language>en_US</language>
        <masterLabel>instruction_whensearch6</masterLabel>
    </genAiPluginInstructions>
    <genAiPluginInstructions>
        <description>if a farmer user asks about fetching job listings, provide a only list of job listings where his name is  Farmer_Name__c strictly</description>
        <developerName>instruction_ifafarmeru7</developerName>
        <language>en_US</language>
        <masterLabel>instruction_ifafarmeru7</masterLabel>
    </genAiPluginInstructions>
    <genAiPluginInstructions>
        <description>based on if the user is farmer user or Labour user fetch job listings according to instructions strictly</description>
        <developerName>instruction_basedonift8</developerName>
        <language>en_US</language>
        <masterLabel>instruction_basedonift8</masterLabel>
    </genAiPluginInstructions>
    <language>en_US</language>
    <masterLabel>Get Job Listings</masterLabel>
    <pluginType>Topic</pluginType>
    <scope>Your job is only to provide information on available job listings based on user inquiries. You should not handle applications or other HR-related tasks.</scope>
</GenAiPlugin>
