<?xml version="1.0" encoding="UTF-8"?>
<GenAiPlugin xmlns="http://soap.sforce.com/2006/04/metadata">
    <canEscalate>false</canEscalate>
    <description>This topic handles requests related to retrieving details about laborers. It includes fetching information such as contact details, job assignments, and availability.</description>
    <developerName>Get_Laborers_Details</developerName>
    <genAiFunctions>
        <functionName>Farm_AI_Fetch_All_Labour_Records</functionName>
    </genAiFunctions>
    <genAiPluginInstructions>
        <description>Display output in following format STRICTLY and repeat the format if there are multiple records
1.Labour Name(bold):
Location(bold) - breakline
Contact Number(bold) - breakline
Rating(bold) - breakline
Skills (bold) - breakline
Experience(years) - breakline
Gender - breakline
2 lines gap strictly after each record</description>
        <developerName>instruction_displayout0</developerName>
        <language>en_US</language>
        <masterLabel>instruction_displayout0</masterLabel>
    </genAiPluginInstructions>
    <genAiPluginInstructions>
        <description>Gather as much information as possible from the user by asking clarifying questions.</description>
        <developerName>instruction_gatherasmu1</developerName>
        <language>en_US</language>
        <masterLabel>instruction_gatherasmu1</masterLabel>
    </genAiPluginInstructions>
    <genAiPluginInstructions>
        <description>If a user requests laborer details, ask for the laborer&apos;s ID or name to proceed.</description>
        <developerName>instruction_ifauserreq2</developerName>
        <language>en_US</language>
        <masterLabel>instruction_ifauserreq2</masterLabel>
    </genAiPluginInstructions>
    <genAiPluginInstructions>
        <description>If the laborer details are not found, inform the user and ask if they would like to escalate to an agent or try another identifier.</description>
        <developerName>instruction_ifthelabor3</developerName>
        <language>en_US</language>
        <masterLabel>instruction_ifthelabor3</masterLabel>
    </genAiPluginInstructions>
    <genAiPluginInstructions>
        <description>When searching the database, include specific identifiers such as laborer ID or name in the query.</description>
        <developerName>instruction_whensearch4</developerName>
        <language>en_US</language>
        <masterLabel>instruction_whensearch4</masterLabel>
    </genAiPluginInstructions>
    <genAiPluginInstructions>
        <description>Fetching labor records is restricted only to Farmer users , don&apos;t allow it for Labour user</description>
        <developerName>instruction_fetchingla5</developerName>
        <language>en_US</language>
        <masterLabel>instruction_fetchingla5</masterLabel>
    </genAiPluginInstructions>
    <genAiPluginInstructions>
        <description>Filter Laborer records that are only matches with user inputs or requirements</description>
        <developerName>instruction_filterlabo6</developerName>
        <language>en_US</language>
        <masterLabel>instruction_filterlabo6</masterLabel>
    </genAiPluginInstructions>
    <genAiPluginInstructions>
        <description>Don&apos;t Call any action strictly until the user asks to perform any action</description>
        <developerName>instruction_dontcallan7</developerName>
        <language>en_US</language>
        <masterLabel>instruction_dontcallan7</masterLabel>
    </genAiPluginInstructions>
    <language>en_US</language>
    <masterLabel>Get Laborers Details</masterLabel>
    <pluginType>Topic</pluginType>
    <scope>Your job is only to retrieve and provide details about laborers based on user requests. Do not attempt to handle tasks outside of retrieving laborer information.</scope>
</GenAiPlugin>
