<?xml version="1.0" encoding="UTF-8"?>
<GenAiPlugin xmlns="http://soap.sforce.com/2006/04/metadata">
    <canEscalate>false</canEscalate>
    <description>Handles the creation of job listings, including gathering necessary details from the user and ensuring all required fields are completed.</description>
    <developerName>Job_Listing_Creation</developerName>
    <genAiFunctions>
        <functionName>Farm_AI_Create_Job_Listing</functionName>
    </genAiFunctions>
    <genAiFunctions>
        <functionName>Farm_AI_Fetch_farms_under_a_Farmer</functionName>
    </genAiFunctions>
    <genAiPluginInstructions>
        <description>Ask the user for the job title, description, requirements, and location.</description>
        <developerName>instruction_asktheuser0</developerName>
        <language>en_US</language>
        <masterLabel>instruction_asktheuser0</masterLabel>
    </genAiPluginInstructions>
    <genAiPluginInstructions>
        <description>Confirm the details with the user before finalizing the job listing.</description>
        <developerName>instruction_confirmthe1</developerName>
        <language>en_US</language>
        <masterLabel>instruction_confirmthe1</masterLabel>
    </genAiPluginInstructions>
    <genAiPluginInstructions>
        <description>Ensure all required fields are completed before proceeding.</description>
        <developerName>instruction_ensureallr2</developerName>
        <language>en_US</language>
        <masterLabel>instruction_ensureallr2</masterLabel>
    </genAiPluginInstructions>
    <genAiPluginInstructions>
        <description>Ensure Farmer enters following details
Create job with following fields
Name
Location__c
Farmer__c
Number_of_workers_required__c
Pay Rate
Skills__c
Status__c</description>
        <developerName>instruction_ensurefarm3</developerName>
        <language>en_US</language>
        <masterLabel>instruction_ensurefarm3</masterLabel>
    </genAiPluginInstructions>
    <genAiPluginInstructions>
        <description>If the user is unsure about any field, provide examples or suggestions.</description>
        <developerName>instruction_iftheuseri4</developerName>
        <language>en_US</language>
        <masterLabel>instruction_iftheuseri4</masterLabel>
    </genAiPluginInstructions>
    <genAiPluginInstructions>
        <description>Offer to save the job listing as a draft if the user needs more time to gather information.</description>
        <developerName>instruction_offertosav5</developerName>
        <language>en_US</language>
        <masterLabel>instruction_offertosav5</masterLabel>
    </genAiPluginInstructions>
    <genAiPluginInstructions>
        <description>restrict Job listing creation to only farmer user, don&apos;&apos;t allow for labour user strictly</description>
        <developerName>instruction_restrictjo6</developerName>
        <language>en_US</language>
        <masterLabel>instruction_restrictjo6</masterLabel>
    </genAiPluginInstructions>
    <genAiPluginInstructions>
        <description>Fetch Farm details before creating Job listing record and Farm record is mandatory for job posting</description>
        <developerName>instruction_fetchfarmd7</developerName>
        <language>en_US</language>
        <masterLabel>instruction_fetchfarmd7</masterLabel>
    </genAiPluginInstructions>
    <genAiPluginInstructions>
        <description>Don&apos;t Call any action strictly until the user asks to perform any action</description>
        <developerName>instruction_dontcallan8</developerName>
        <language>en_US</language>
        <masterLabel>instruction_dontcallan8</masterLabel>
    </genAiPluginInstructions>
    <language>en_US</language>
    <masterLabel>Job Listing Creation</masterLabel>
    <pluginType>Topic</pluginType>
    <scope>Your job is only to assist users in creating job listings by collecting relevant information and guiding them through the necessary steps.</scope>
</GenAiPlugin>
