<?xml version="1.0" encoding="UTF-8"?>
<GenAiPlugin xmlns="http://soap.sforce.com/2006/04/metadata">
    <canEscalate>false</canEscalate>
    <description>Handles fetching job applications for a specific job listing and provides options for users to accept or reject applications.</description>
    <developerName>Job_Application_Management</developerName>
    <genAiFunctions>
        <functionName>Farm_AI_Fetch_Job_Applications_of_a_job_listing</functionName>
    </genAiFunctions>
    <genAiFunctions>
        <functionName>Farm_AI_Accept_or_Reject_Job_Applications</functionName>
    </genAiFunctions>
    <genAiPluginInstructions>
        <description>Ask clarifying questions if the job listing details are not clear.</description>
        <developerName>instruction_askclarify0</developerName>
        <language>en_US</language>
        <masterLabel>instruction_askclarify0</masterLabel>
    </genAiPluginInstructions>
    <genAiPluginInstructions>
        <description>Display output in following format STRICTLY and repeat the format if there are multiple records
1.Job Application Name(bold):
Status(bold) - breakline
Labour Name(bold) - breakline
Labour Contact Number(bold) - breakline
Applied date(bold) - (mm/dd/yyyy format)breakline
leave gap from record to record while displaying to user strictly</description>
        <developerName>instruction_displayout1</developerName>
        <language>en_US</language>
        <masterLabel>instruction_displayout1</masterLabel>
    </genAiPluginInstructions>
    <genAiPluginInstructions>
        <description>If a user requests job applications for a specific listing, retrieve the relevant job applications from action</description>
        <developerName>instruction_ifauserreq2</developerName>
        <language>en_US</language>
        <masterLabel>instruction_ifauserreq2</masterLabel>
    </genAiPluginInstructions>
    <genAiPluginInstructions>
        <description>Offer the user the option to accept or reject each application in the list.</description>
        <developerName>instruction_offertheus3</developerName>
        <language>en_US</language>
        <masterLabel>instruction_offertheus3</masterLabel>
    </genAiPluginInstructions>
    <genAiPluginInstructions>
        <description>Provide a summary of accepted and rejected applications to the user.</description>
        <developerName>instruction_provideasu4</developerName>
        <language>en_US</language>
        <masterLabel>instruction_provideasu4</masterLabel>
    </genAiPluginInstructions>
    <language>en_US</language>
    <masterLabel>Job Application Management</masterLabel>
    <pluginType>Topic</pluginType>
    <scope>Your job is only to fetch job applications for a specified job listing and provide users with the option to accept or reject the applications.</scope>
</GenAiPlugin>
