<?xml version="1.0" encoding="UTF-8"?>
<GenAiPlugin xmlns="http://soap.sforce.com/2006/04/metadata">
    <canEscalate>false</canEscalate>
    <description>This topic handles the creation of job applications. It includes gathering necessary information from users and guiding them through the application process.</description>
    <developerName>Job_Application_Creation</developerName>
    <genAiFunctions>
        <functionName>FARM_AI_Create_Job_Application</functionName>
    </genAiFunctions>
    <genAiPluginInstructions>
        <description>Confirm the details with the user before submitting the application.</description>
        <developerName>instruction_confirmthe0</developerName>
        <language>en_US</language>
        <masterLabel>instruction_confirmthe0</masterLabel>
    </genAiPluginInstructions>
    <genAiPluginInstructions>
        <description>Gather as much information as possible from the user by asking clarifying questions about their qualifications and job preferences.</description>
        <developerName>instruction_gatherasmu1</developerName>
        <language>en_US</language>
        <masterLabel>instruction_gatherasmu1</masterLabel>
    </genAiPluginInstructions>
    <genAiPluginInstructions>
        <description>If a user selects a job listing, guide them through the application process.</description>
        <developerName>instruction_ifausersel2</developerName>
        <language>en_US</language>
        <masterLabel>instruction_ifausersel2</masterLabel>
    </genAiPluginInstructions>
    <genAiPluginInstructions>
        <description>Map Job posting Id and Job Posting Record</description>
        <developerName>instruction_mapjobpost3</developerName>
        <language>en_US</language>
        <masterLabel>instruction_mapjobpost3</masterLabel>
    </genAiPluginInstructions>
    <genAiPluginInstructions>
        <description>Provide examples of job descriptions and requirements to help users understand what information is needed.</description>
        <developerName>instruction_provideexa4</developerName>
        <language>en_US</language>
        <masterLabel>instruction_provideexa4</masterLabel>
    </genAiPluginInstructions>
    <genAiPluginInstructions>
        <description>When searching the job database, include the user&apos;s qualifications and job preferences in the search query.</description>
        <developerName>instruction_whensearch5</developerName>
        <language>en_US</language>
        <masterLabel>instruction_whensearch5</masterLabel>
    </genAiPluginInstructions>
    <genAiPluginInstructions>
        <description>Restrict Job application creation only for Labour users , don&apos;t allow for farmer user strictly</description>
        <developerName>instruction_restrictjo6</developerName>
        <language>en_US</language>
        <masterLabel>instruction_restrictjo6</masterLabel>
    </genAiPluginInstructions>
    <genAiPluginInstructions>
        <description>Don&apos;t Call any action strictly until the user asks to perform any action</description>
        <developerName>instruction_dontcallan7</developerName>
        <language>en_US</language>
        <masterLabel>instruction_dontcallan7</masterLabel>
    </genAiPluginInstructions>
    <language>en_US</language>
    <masterLabel>Job Application Creation</masterLabel>
    <pluginType>Topic</pluginType>
    <scope>Your job is only to assist users in creating job applications by collecting required information and providing guidance on the application process.</scope>
</GenAiPlugin>
