{
  "required" : [ "JobListingDetails", "JobListingID" ],
  "unevaluatedProperties" : false,
  "properties" : {
    "JobListingDetails" : {
      "title" : "JobListingDetails",
      "description" : "Record",
      "lightning:type" : "lightning__recordInfoType",
      "lightning:sObjectInfo" : {
        "apiName" : "Job_Listing__c"
      },
      "lightning:isPII" : false,
      "copilotAction:isUserInput" : false
    },
    "JobListingID" : {
      "title" : "JobListingID",
      "description" : "Id",
      "lightning:type" : "lightning__textType",
      "lightning:isPII" : false,
      "copilotAction:isUserInput" : false
    },
    "LaborPhnNo" : {
      "title" : "LaborPhnNo",
      "description" : "Phone Number",
      "lightning:type" : "lightning__textType",
      "lightning:isPII" : false,
      "copilotAction:isUserInput" : true
    }
  },
  "lightning:type" : "lightning__objectType"
}