<?xml version="1.0" encoding="UTF-8"?>
<GenAiFunction xmlns="http://soap.sforce.com/2006/04/metadata">
    <description>Call this action when only phone number is shared without any context</description>
    <invocationTarget>Farm_AI_Identify_Farmer_or_Labour</invocationTarget>
    <invocationTargetType>flow</invocationTargetType>
    <isConfirmationRequired>false</isConfirmationRequired>
    <isIncludeInProgressIndicator>false</isIncludeInProgressIndicator>
    <masterLabel>Farm AI - Identify Farmer or Labour</masterLabel>
</GenAiFunction>
