{
  "required" : [ "JobApplicationIdsList", "UpdateStatusAs" ],
  "unevaluatedProperties" : false,
  "properties" : {
    "JobApplicationIdsList" : {
      "title" : "JobApplicationIdsList",
      "description" : "list of 18 digit Ids of Job Application records",
      "maxItems" : 2000,
      "items" : {
        "lightning:type" : "lightning__textType"
      },
      "lightning:type" : "lightning__listType",
      "lightning:isPII" : false,
      "copilotAction:isUserInput" : false
    },
    "UpdateStatusAs" : {
      "title" : "UpdateStatusAs",
      "description" : "Text",
      "lightning:type" : "lightning__textType",
      "lightning:isPII" : false,
      "copilotAction:isUserInput" : true
    }
  },
  "lightning:type" : "lightning__objectType"
}