{
  "unevaluatedProperties" : false,
  "properties" : {
    "LaboursList" : {
      "title" : "LaboursList",
      "description" : "List",
      "maxItems" : 2000,
      "items" : {
        "lightning:type" : "lightning__recordInfoType",
        "lightning:sObjectInfo" : {
          "apiName" : "Labour__c"
        }
      },
      "lightning:type" : "lightning__listType",
      "lightning:isPII" : false,
      "copilotAction:isDisplayable" : true,
      "copilotAction:isUsedByPlanner" : true,
      "copilotAction:useHydratedPrompt" : false
    }
  },
  "lightning:type" : "lightning__objectType"
}