{
  "unevaluatedProperties" : false,
  "properties" : {
    "JobListingDetails" : {
      "title" : "JobListingDetails",
      "description" : "Record",
      "lightning:type" : "lightning__recordInfoType",
      "lightning:sObjectInfo" : {
        "apiName" : "Job_Listing__c"
      },
      "lightning:isPII" : false,
      "copilotAction:isDisplayable" : true,
      "copilotAction:isUsedByPlanner" : true,
      "copilotAction:useHydratedPrompt" : false
    },
    "JobListingID" : {
      "title" : "JobListingID",
      "description" : "Id",
      "lightning:type" : "lightning__textType",
      "lightning:isPII" : false,
      "copilotAction:isDisplayable" : false,
      "copilotAction:isUsedByPlanner" : true,
      "copilotAction:useHydratedPrompt" : false
    }
  },
  "lightning:type" : "lightning__objectType"
}