<?xml version="1.0" encoding="UTF-8"?>
<GenAiFunction xmlns="http://soap.sforce.com/2006/04/metadata">
    <description>This action used for creation of new job postings</description>
    <invocationTarget>Farm_AI_Create_Job_Listing</invocationTarget>
    <invocationTargetType>flow</invocationTargetType>
    <isConfirmationRequired>false</isConfirmationRequired>
    <isIncludeInProgressIndicator>true</isIncludeInProgressIndicator>
    <masterLabel>Farm AI - Create Job Listing</masterLabel>
    <progressIndicatorMessage>Creating..</progressIndicatorMessage>
</GenAiFunction>
