<?xml version="1.0" encoding="UTF-8"?>
<GenAiFunction xmlns="http://soap.sforce.com/2006/04/metadata">
    <description>Call action when farmer user wants to fetch job applications for a job listing</description>
    <invocationTarget>Farm_AI_Fetch_Job_Applications_of_a_job_listing</invocationTarget>
    <invocationTargetType>flow</invocationTargetType>
    <isConfirmationRequired>false</isConfirmationRequired>
    <isIncludeInProgressIndicator>false</isIncludeInProgressIndicator>
    <masterLabel>Farm AI - Fetch Job Applications of a job listing</masterLabel>
</GenAiFunction>
