<?xml version="1.0" encoding="UTF-8"?>
<GenAiFunction xmlns="http://soap.sforce.com/2006/04/metadata">
    <description>call action when farmer user wants to accept or reject job applications</description>
    <invocationTarget>Farm_AI_Accept_or_Reject_Job_Applications</invocationTarget>
    <invocationTargetType>flow</invocationTargetType>
    <isConfirmationRequired>false</isConfirmationRequired>
    <isIncludeInProgressIndicator>false</isIncludeInProgressIndicator>
    <masterLabel>Farm AI - Accept or Reject Job Applications</masterLabel>
</GenAiFunction>
